<?xml version="1.0" encoding="UTF-8"?>
<project-private xmlns="http://www.netbeans.org/ns/project-private/1">
    <editor-bookmarks xmlns="http://www.netbeans.org/ns/editor-bookmarks/2" lastBookmarkId="0"/>
    <open-files xmlns="http://www.netbeans.org/ns/projectui-open-files/2">
        <group>
            <file>file:/D:/Google%20Drive/2165522%20FILES/BSIT-3%202ND%20SEM/OJT/SCISLogbook/src/SCISLogbook.java</file>
            <file>file:/D:/Google%20Drive/2165522%20FILES/BSIT-3%202ND%20SEM/OJT/SCISLogbook/src/UserLogin.java</file>
            <file>file:/D:/Google%20Drive/2165522%20FILES/BSIT-3%202ND%20SEM/OJT/SCISLogbook/src/Registration.java</file>
        </group>
    </open-files>
</project-private>
